Substructure,Count,Count ratio,Number_of_molecules_with_fragment,Ratio_of_Molecules_with_Fragment,median_score,median_score_fragment,median_score_not_fragment,molecules_with_fragment,num_atoms,diff_median_score,step
c1ccccc1,3,2.564102564102564,96,82.05128205128204,0.0003716,0.0,0.00065995,"['CC(=O)Nc1ccccc1C(=O)C(C)(C)F', 'CCOC(=O)c1c(OC)cc(OC)cc1OC', 'NC(=O)c1ccc(N)cc1']",6,-0.00065995,10
c1ccc2ccccc2c1,3,2.564102564102564,9,7.6923076923076925,0.0003716,0.0,0.00038585,"['CC(C)P(Cc1cccc2cccnc12)C(C)(C)C', 'Cc1nc2ccccc2c(N)c1C=O', 'CCCCCCCCCCCCOc1cccc2c(OCCCCCCCCCC)cccc12']",10,-0.00038585,10
,2,1.7094017094017095,0,0.0,0.0003716,0.0,0.0004001,"['CC(=O)NCC(N)=O', 'CC(C)(C)SO']",0,-0.0004001,10
c1ccc2cccc2c1,2,1.7094017094017095,0,0.0,0.0003716,0.00013735,0.0004001,"['CC(C)n1ccc2cc([N+](=O)[O-])ccc21', 'OCc1nc2ccccc2[nH]1']",9,-0.00026275,10
c1ccccc1,7,5.833333333333333,98,81.66666666666667,0.00126135,0.0,0.0034422,"['CCOC(=O)C(Cl)(N(C(=O)C(C)(Cl)[Si](C)(C)C)c1ccccc1)[PH](=O)OC', 'CNC(=S)NN=C(C)c1ccccc1', 'Nc1ccncc1', 'COC(=O)CNC(=O)C(C)(C)NC(=O)CCNC(=O)c1ccccc1', 'Cc1c(N)cccc1Br', 'O=[N+]([O-])C=Cc1ccccc1', 'CC(=[S+]CCC(C)=C(C#N)C#N)C(C(=O)c1ccccc1)=[N+]([O-])[O-]']",6,-0.0034422,20
c1ccc(-c2ccccc2)cc1,2,1.6666666666666667,8,6.666666666666667,0.00126135,0.02843975,0.00126135,"['O=Cc1cc(-c2ccc(Br)cn2)c(Br)cc1Br', 'COCC(=O)Oc1cc(-c2cccnc2)c(OC(C)=O)cc1C']",12,0.0271784,20
c1ccc2ccccc2c1,2,1.6666666666666667,8,6.666666666666667,0.00126135,0.03644265,0.00126135,"['OCCOc1cccc2ncccc12', 'COC(=O)c1ccc2cc(C)cc(C(=O)OC)c2c1C(=O)OC']",10,0.0351813,20
c1ccccc1,2,1.7857142857142856,92,82.14285714285714,0.0031078,0.00616275,0.0031078,"['NC(=S)NN=Cc1ccccn1', 'N[SiH2]c1ccccc1']",6,0.00305495,30
c1ccccc1,3,2.727272727272727,101,91.81818181818183,0.01344685,0.0013852,0.0151233,"['COC(=S)Nc1ccccc1', 'Clc1cc(Cl)cc(Cl)c1', '[NH3+]c1ccc(S(=O)(=O)[O-])cc1']",6,-0.0137381,40
C(=Cc1ccccc1)c1ccccc1,3,2.727272727272727,4,3.6363636363636362,0.02407865,0.046696,0.0238151,"['COc1ccc(N=Cc2ccccc2B(O)O)cc1', 'COc1ccc(C=O)c(OC)c1C=Pc1c(OC)cc(C(C)=O)cc1C(C)(C)C', 'Nc1c(Br)cc(Br)c(N)c1N=Nc1cc(Br)ccc1Br']",14,0.022880900000000003,60
c1ccc(-c2cc(-c3ccccc3)c(-c3ccccc3)c2-c2ccccc2)cc1,2,1.8181818181818181,0,0.0,0.02407865,0.0686112,0.02407865,"['c1ccc(-c2nn(-c3ncccn3)c(-c3ccccc3)c2-c2ccccc2)cc1', 'c1ccc(-c2oc(-c3ccccc3)c(-c3ccccc3)c2-c2ccccc2)cc1']",29,0.04453255,60
c1ccccc1,2,1.8181818181818181,98,89.0909090909091,0.02407865,0.00042035,0.0254031,"['Brc1cncnc1', 'COC(=O)C(C)NC(=O)C=Cc1ccccc1']",6,-0.02498275,60
c1ccc(-c2cc3ccccc3c2)cc1,2,1.8181818181818181,0,0.0,0.02407865,0.03862625,0.02407865,"['Cc1cccc2sc(-c3ccccc3C(=O)O)nc12', 'O=Cc1c(-c2ccc([N+](=O)[O-])cc2)[nH]c2ccccc12']",15,0.0145476,60
c1ccccc1,4,3.5398230088495577,105,92.92035398230088,0.0701127,0.00480265,0.0705652,"['CC(C)C(=O)Nc1ccc(C=O)cc1', 'Cc1ccc(N(C)C)nn1', 'O=C(O)Cc1cccc(F)c1C(=O)O', 'Nc1ncccc1[S+]=NS[O-]']",6,-0.06576254999999999,80
C(=Cc1ccccc1)c1ccccc1,2,1.7699115044247788,10,8.849557522123893,0.0701127,0.04913955,0.0701127,"['COc1ccc(C=Nc2ccc(Cl)cc2)cc1OC', 'COc1cc(N=Cc2ccccc2)ccc1C']",14,-0.020973150000000003,80
c1ccccc1,2,1.9047619047619049,100,95.23809523809523,0.0542323,0.00029915,0.0553261,"['Nc1c(F)ccc(F)c1Cl', 'C#CC[P-](#[O+])(CCl)Cc1ccccc1']",6,-0.055026950000000005,90
c1ccccc1,2,1.834862385321101,99,90.82568807339449,0.1053244,0.0,0.1059955,"['CN(C(C#N)=C(F)F)c1ccccc1', 'CO[P-](#[O+])(CNc1ccccc1C#N)CC(C)=O']",6,-0.1059955,100
c1ccc2c(-c3cc4ccccc4c4ccccc34)cccc2c1,2,1.8518518518518516,1,0.9259259259259258,0.15158455,0.02910625,0.15577405,"['c1cnc2c(c1)cc(-c1cccc3ncccc13)c1ccccc12', 'C[Si](C)(C)C#Cc1c(-c2c(C=CCl)ccc3ccccc23)c2ccccc2c2ccccc12']",24,-0.1266678,110
c1ccccc1,2,1.8518518518518516,106,98.14814814814815,0.15158455,0.0007502,0.15577405,"['O=C(O)C=CC=Cc1ccccc1', 'CN(C)S(=O)(=O)c1ccc(F)cc1Cl']",6,-0.15502385,110
C(=Cc1ccccc1)c1ccccc1,3,2.912621359223301,13,12.62135922330097,0.1821826,0.0314831,0.1833111,"['Cc1ccc(N=Cc2ccc(O)c(F)c2)cc1', 'Oc1ccc(N=Nc2ccc(Cl)cc2)cc1', 'C[Si](C)(C)C#Cc1ccc(C=Cc2ccc(C#CC[Si](C)(C)C)cc2)cc1']",14,-0.15182800000000002,130
C1=CC2=C(c3ccccc3)c3cccc3[CH-][C+]2=C1,2,1.9417475728155338,0,0.0,0.1821826,0.5108166000000001,0.1803013,"['CC1=[N+]2C(=C(c3ccc(C)cc3)c3cccn3[B-]2(F)F)C=C1', 'N#CC1=[N+]2C(=C(c3ccccc3)c3cccn3[B-]2(F)F)C=C1']",18,0.33051530000000007,130
c1ccccc1,2,1.9801980198019802,94,93.06930693069307,0.1847598,0.0002977,0.1847725,"['CC(C)(C)OC(=N[N+](=O)[O-])NCc1ccc(Cl)cc1', 'COC(=O)c1ccccn1']",6,-0.1844748,140
C1=CC2=C(c3ccccc3)c3cccc3[CH-][C+]2=C1,2,1.7857142857142856,0,0.0,0.28351365,0.30425865,0.28351365,"['F[B-]1(F)n2ccc(Br)c2C(c2ccccc2)=C2C=CC=[N+]21', 'CC1=CC(C)=[N+]2C1=C(c1ccccc1)c1cccn1[B-]2(F)F']",18,0.020745000000000013,190
C1=CC2=C(c3ccccc3)c3cccc3[CH-][C+]2=C1,3,2.608695652173913,0,0.0,0.3943288,0.0,0.39495139999999995,"['O=[N+]([O-])c1cccc(C2=C3C=CC=[N+]3[B-](F)(F)n3cccc32)c1', 'O=[N+]([O-])c1ccc(C2=C3C=CC(Br)=[N+]3[B-](F)(F)n3cccc32)cc1', 'O=[N+]([O-])c1ccc(C2=C3C=CC=[N+]3[B-](F)(F)n3cccc32)cc1']",18,-0.39495139999999995,230
C1=CC2=C(c3cccc3)c3cccc3[CH-][C+]2=C1,2,1.7094017094017095,0,0.0,0.3650834,0.48492769999999996,0.3642756,"['F[B-]1(F)n2cccc2C(c2ccc[nH]2)=C2C=C(Cl)C=[N+]21', 'F[B-]1(F)n2ccnc2C(c2ccco2)=C2C(Cl)=CC=[N+]21']",17,0.12065209999999998,240
C1=CC2=C(c3ccccc3)c3cccc3[CH-][C+]2=C1,2,1.7094017094017095,0,0.0,0.3650834,0.0,0.3681371,"['F[B-]1(F)n2c(Br)ccc2C(c2cccnc2)=C2C=CC=[N+]21', 'F[B-]1(F)n2cccc2C(c2ccc(Cl)cc2)=C2C=CC(Br)=[N+]21']",18,-0.3681371,240
C1=CC2=C(c3ccccc3)c3cccc3[CH-][C+]2=C1,3,2.5,0,0.0,0.3970393,0.6059462,0.3938833,"['F[B-]1(F)n2cccc2C(c2ccccc2)=C2C=CC=[N+]21', 'F[B-]1(F)n2c(Cl)ccc2C(c2ccc(Br)cc2)=C2C(Cl)=CC=[N+]21', 'F[B-]1(F)n2c(Cl)ccc2C(c2ccc(Cl)cc2)=C2C=CC=[N+]21']",18,0.2120629,250
C1=CC2=C(c3cccc3)c3cccc3[CH-][C+]2=C1,2,1.6666666666666667,0,0.0,0.3970393,0.5879129999999999,0.39350805,"['F[B-]1(F)n2c(Br)ccc2C(c2ccc[nH]2)=C2C(Cl)=C(Cl)C=[N+]21', 'F[B-]1(F)n2cccc2C(c2ccc[nH]2)=C2C=C(Br)C(Cl)=[N+]21']",17,0.1944049499999999,250
C1=CC2=C(c3ccccc3)c3cccc3[CH-][C+]2=C1,6,5.128205128205128,0,0.0,0.4037378,0.0,0.4203301,"['F[B-]1(F)n2cccc2C(c2ccccc2Cl)=C2C=CC(Cl)=[N+]21', 'F[B-]1(F)n2cccc2C(c2ccc(Cl)cc2)=C2C=CC(Cl)=[N+]21', 'F[B-]1(F)n2ccc(Br)c2C(c2ccc(Br)cc2)=C2C=CC=[N+]21', 'F[B-]1(F)n2cccc2C(c2ccccc2)=C2C=C(Cl)C(Cl)=[N+]21', 'F[B-]1(F)n2c(Cl)c(Cl)c(Cl)c2C(c2ccccc2)=C2C=C(Cl)C(Cl)=[N+]21', 'Fc1cccc(C2=C3C=CC(Cl)=[N+]3[B-](F)(F)n3cccc32)c1']",18,-0.4203301,260
C1=CC2=C(c3cccc3)c3cccc3[CH-][C+]2=C1,3,2.564102564102564,0,0.0,0.4037378,0.0,0.40726735000000003,"['F[B-]1(F)n2cccc2C(c2ccc[nH]2)=C2C=CC(Cl)=[N+]21', 'FC1=C(F)C(F)=[N+]2C1=C(c1cccs1)c1cccn1[B-]2(F)F', 'F[B-]1(F)n2cccc2C(c2ccc[nH]2)=C2C=CC(Br)=[N+]21']",17,-0.40726735000000003,260
C1=CC(c2ccccc2)=[C+]2[CH-]c3cccc3C(c3ccccc3)=C12,2,1.7094017094017095,0,0.0,0.4037378,0.6045783499999999,0.4035499,"['F[B-]1(F)n2cccc2C(c2ccc(Br)cc2)=C2C=CC(c3ccccc3)=[N+]21', 'F[B-]1(F)n2cccc2C(c2ccc(Cl)cc2)=C2C=C(Br)C(c3ccccc3)=[N+]21']",24,0.20102844999999991,260
C1=CC2=C(c3ccccc3)c3cccc3[CH-][C+]2=C1,5,4.464285714285714,0,0.0,0.4498537,0.0,0.4520473,"['F[B-]1(F)n2cccc2C(c2ccncc2)=C2C=CC(Cl)=[N+]21', 'F[B-]1(F)n2cc(Br)cc2C(c2cccnc2)=C2C(Cl)=CC=[N+]21', 'F[B-]1(F)n2c(Cl)ccc2C(c2cccnc2)=C2C=CC=[N+]21', 'F[B-]1(F)n2c(Br)ccc2C(c2ccc(Br)cc2)=C2C=CC=[N+]21', 'COc1ccc(C2=C3C(Cl)=C(Cl)C(Cl)=[N+]3[B-](F)(F)n3cccc32)cc1']",18,-0.4520473,270
C1=C(c2cccc2)C=[C+]2[CH-]c3cccc3C(c3ccccc3)=C12,2,1.7857142857142856,0,0.0,0.4498537,0.5771567,0.4414787,"['Cn1cccc1C1=CC2=C(c3cccnc3)c3c(Br)c(Cl)c(Cl)n3[B-](F)(F)[N+]2=C1', 'F[B-]1(F)n2cccc2C(c2cccc(Br)c2)=C2C=C(c3ccc[nH]3)N=[N+]21']",23,0.13567799999999997,270
C1=C(c2ccccc2)C=[C+]2[CH-]c3cccc3C(c3ccccc3)=C12,2,1.7857142857142856,0,0.0,0.4498537,0.5893946999999999,0.4414787,"['F[B-]1(F)n2cccc2C(c2ccc(Br)cn2)=C2C=C(c3ccccc3)C=[N+]21', 'O=[N+]([O-])c1ccc(Cl)c(C2=C3C=C(c4ccccc4)C(Cl)=[N+]3[B-](F)(F)n3cccc32)c1']",24,0.14791599999999994,270
C1=C(c2ccccc2)C2=C(c3ccccc3)c3cccc3[CH-][C+]2=C1c1ccccc1,2,1.7857142857142856,0,0.0,0.4498537,0.59773575,0.4414787,"['F[B-]1(F)n2cccc2C(c2ccccc2)=C2C(c3ccccc3)=NC(c3ccccc3)=[N+]21', 'F[B-]1(F)n2cccc2C(c2ccccc2)=C2C(c3ccccc3)=C(Br)C(c3ccc(Cl)cc3)=[N+]21']",30,0.15625705,270
C1=CC2=C(c3ccccc3)c3cccc3[CH-][C+]2=C1,7,5.833333333333333,0,0.0,0.46566054999999995,0.0,0.4707694,"['F[B-]1(F)n2c(Cl)ccc2C(c2cccnc2)=C2C(Br)=CC(Cl)=[N+]21', '[O-][N+]([O-])=[N+]c1ccc(C2=C3C=CC=[N+]3[B-](F)(F)n3cccc32)cc1', 'F[B-]1(F)n2cccc2C(c2ccccc2)=C2C=CC(Br)=[N+]21', 'F[B-]1(F)n2cccc2C(c2cccnc2)=C2C=CC=[N+]21', 'FC1=[N+]2C(=C(c3cccnc3)c3ccc(Br)n3[B-]2(F)F)C(Br)=C1Cl', 'CC1=CC(C)=[N+]2C1=C(c1cccnc1)c1cccn1[B-]2(F)F', 'Oc1ccccc1C1=C2C=CC=[N+]2[B-](F)(F)n2cccc21']",18,-0.4707694,280
C1=C(c2ccccc2)C=[C+]2[CH-]c3cccc3C(c3ccccc3)=C12,4,3.3333333333333335,0,0.0,0.46566054999999995,0.5930751000000001,0.4593201,"['F[B-]1(F)n2cccc2C(c2ccncc2)=C2C=C(c3ccc(Br)cc3)N=[N+]21', 'Cc1ccc2n1[B-](F)(F)[N+]1=NC(c3ccc(Br)cc3)=CC1=C2c1cccnc1', 'F[B-]1(F)n2cccc2C(c2ccncc2)=C2C=C(c3ccncc3)C=[N+]21', 'Oc1ccc(C2=C3C=C(c4cccc(F)c4)C=[N+]3[B-](F)(F)n3cccc32)cc1']",24,0.13375500000000007,280
C1=[C+]2[CH-]c3cccc3C(c3ccccc3)=C2C(c2ccccc2)=C1c1ccccc1,3,2.5,0,0.0,0.46566054999999995,0.5847843,0.4649017,"['F[B-]1(F)n2c(cc(Br)c2Br)C(c2ccccc2)=C2C(c3cccnc3)=C(c3ccccc3)C(Cl)=[N+]21', 'F[B-]1(F)n2cccc2C(c2ccccc2)=C2C(c3ccccc3)=C(c3ccccc3)C(Cl)=[N+]21', 'CC1=[N+]2C(=C(c3ccccc3)c3cccn3[B-]2(F)F)C(c2ccccc2)=C1c1ccccc1']",30,0.11988260000000006,280
C1=CC(c2ccccc2)=[C+]2[CH-]c3cccc3C(c3ccccc3)=C12,2,1.6666666666666667,0,0.0,0.46566054999999995,0.3043382,0.46566054999999995,"['F[B-]1(F)n2c(Br)ccc2C(c2ccc(Br)cc2)=C2C=CC(c3ccc(Br)cc3)=[N+]21', 'O=[N+]([O-])c1ccc(C2=[N+]3C(=C(c4ccccc4)c4cccn4[B-]3(F)F)C=C2)cc1']",24,-0.16132234999999995,280
C1=CC2=C(c3cccc3)c3cccc3[CH-][C+]2=C1,2,1.6666666666666667,0,0.0,0.46566054999999995,0.5978839,0.46442934999999996,"['F[B-]1(F)n2c(Br)ccc2C(c2ccc[nH]2)=C2C=CC(Cl)=[N+]21', 'F[B-]1(F)n2cccc2C(c2ccc[nH]2)=C2C(Br)=CC(Br)=[N+]21']",17,0.13345455000000006,280
c1ccc(C2=C3c4ccccc4C(c4ccccc4)=[C+]3[CH-]c3cccc32)cc1,2,1.6666666666666667,0,0.0,0.46566054999999995,0.30569985,0.46566054999999995,"['F[B-]1(F)n2cccc2C(c2ccccc2)=C2c3ccc(Cl)cc3C(c3ccc(Cl)cc3)=[N+]21', 'F[B-]1(F)n2c(Br)ccc2C(c2ccncc2)=C2c3ccccc3C(c3ccccc3)=[N+]21']",28,-0.15996069999999996,280
C1=C2[CH-]c3cccc3C(c3ccccc3)=C2c2ccccc21,2,1.6666666666666667,0,0.0,0.46566054999999995,0.53816775,0.46442934999999996,"['F[B-]1(F)C2=Cc3ccccc3C2=C(c2cccnc2)c2ccc(Br)n21', 'F[B-]1(F)C2=Cc3c(Br)cccc3C2=C(c2ccc(Br)c(Br)c2)c2ccc(Br)n21']",22,0.07373839999999998,280
c1ccc(C2=C3[CH-]c4cccc4C(c4ccccc4)=[C+]3[CH-]c3cccc32)cc1,2,1.6666666666666667,0,0.0,0.46566054999999995,0.2922463,0.46566054999999995,"['F[B-]1(F)C2=C(c3ccccc3)c3cc(Br)cn3[B-](F)(F)[N+]2=C(c2ccc(Cl)c(Cl)c2)c2ccc(Br)n21', 'F[B-]1(F)C2=C(c3ccccc3)c3cccn3[B-](F)(F)[N+]2=C(c2ccncc2)c2cccn21']",28,-0.17341424999999994,280
C1=C(c2ccccc2)C(c2ccccc2)=[C+]2[CH-]c3cccc3C(c3cccc3)=C12,2,1.6666666666666667,0,0.0,0.46566054999999995,0.59754655,0.46442934999999996,"['F[B-]1(F)n2cccc2C(c2ccc[nH]2)=C2C=C(c3ccccc3)C(c3cccnc3)=[N+]21', 'F[B-]1(F)n2cccc2C(c2ccc(Br)s2)=C2C=C(c3ccccc3)C(c3ccccc3)=[N+]21']",29,0.13311720000000005,280
c1ccc(-c2c3ccccc3cc3cc4ccccc4cc23)cc1,2,1.6666666666666667,2,1.6666666666666667,0.46566054999999995,0.30621235,0.46566054999999995,"['c1ccc(-c2c3ccccc3cc3cc4ccccc4cc23)cc1', 'COc1ccc(-c2c3ccccc3cc3cc4ccccc4cc23)cc1']",24,-0.15944819999999993,280
C1=CC2=C(c3ccccc3)c3cccc3[CH-][C+]2=C1,8,6.6115702479338845,0,0.0,0.4720232,0.0,0.4944016,"['F[B-]1(F)n2cccc2C(c2ccc(Cl)cc2)=C2C=C(Br)C(Br)=[N+]21', 'F[B-]1(F)n2c(Br)ccc2C(c2ccccc2)=C2C(Cl)=CC(Cl)=[N+]21', 'F[B-]1(F)n2c(Br)ccc2C(c2ccncc2)=C2C=CC=[N+]21', 'F[B-]1(F)n2cccc2C(c2ccc(Br)cc2)=C2C(Br)=CC(Br)=[N+]21', 'F[B-]1(F)n2c(cc(Br)c2Br)C(c2cccnc2)=C2C=CC(Cl)=[N+]21', 'CC1=[N+]2C(=C(c3ccc(Br)cc3)c3c(C)c(C)nn3[B-]2(F)F)C(Br)=C1Br', 'F[B-]1(F)n2c(Cl)ccc2C(c2ccncc2)=C2C=CC=[N+]21', 'Cc1cc(C)cc(C2=C3C(Br)=C(Cl)C(Br)=[N+]3[B-](F)(F)n3cccc32)c1']",18,-0.4944016,290
c1ccc(C2=c3ccccc3=[C+](c3ccccc3)[CH-]c3cccc32)cc1,3,2.479338842975207,0,0.0,0.4720232,0.5488098,0.46474495,"['O=Cc1ccc2c(c1)=[N+](c1cccnc1)[B-](F)(F)n1cccc1C=2c1ccc(Br)cc1', 'F[B-]1(F)n2c(Br)cc(Br)c2C(c2cccnc2)=c2ccccc2=[N+]1c1ccccc1', 'Cc1ccc(C2=c3ccccc3=[N+](c3ccccc3)[B-](F)(F)n3cccc32)cc1']",26,0.08406485000000002,290
C1=C2[CH-]c3cccc3C(c3ccccc3)=C2C=C1c1ccccc1,2,1.6528925619834711,0,0.0,0.4720232,0.56167685,0.4664394,"['F[B-]1(F)C2=C(Cl)C(c3ccccc3)=CC2=C(c2ccccn2)c2ccc(Cl)n21', 'F[B-]1(F)C2=CC(c3ccccc3)=CC2=C(c2ccccc2)c2cccn21']",24,0.09523745,290
c1ccc(C2=C(c3ccccc3)C(c3ccccc3)=[C+]3[CH-]c4cccc4C(c4ccccc4)=C23)cc1,2,1.6528925619834711,0,0.0,0.4720232,0.54571795,0.4664394,"['F[B-]1(F)n2c(Cl)c(Cl)c(Br)c2C(c2ccc(Br)cc2)=C2C(c3ccccc3)=C(c3ccccc3)C(c3ccccc3)=[N+]21', 'F[B-]1(F)n2c(Br)ccc2C(c2ccc(Br)cc2)=C2C(c3ccc(Cl)cc3)=C(c3ccc(Br)cc3)C(c3ccc(Cl)cc3)=[N+]21']",36,0.07927855,290
C1=C(c2ccccc2)C(c2ccccc2)=[C+]2[CH-]c3cccc3C(c3ccccc3)=C12,2,1.6528925619834711,0,0.0,0.4720232,0.5938931000000001,0.4664394,"['FC1=C(c2ccncc2)C(c2ccncc2)=[N+]2C1=C(c1ccccn1)c1cccn1[B-]2(F)F', 'C[Si](C)(F)c1ccc(C2=C3C=C(c4ccccc4)C(c4ccccc4)=[N+]3[B-](F)(F)n3cccc32)cc1']",30,0.12745370000000006,290
C1=C(c2ccccc2)C=[C+]2[CH-]c3cccc3C(c3ccccc3)=C12,2,1.6528925619834711,0,0.0,0.4720232,0.59989435,0.4664394,"['F[B-]1(F)n2c(Cl)ccc2C(c2ccc(Br)cc2)=C2C=C(c3cccc(Cl)c3)C(Cl)=[N+]21', 'F[B-]1(F)n2cccc2C(c2ccncc2)=C2C=C(c3ccncc3)C(Cl)=[N+]21']",24,0.13345495000000002,290
c1ccc(C2=C3c4ccccc4C(c4ccccc4)=[C+]3[CH-]c3cccc32)cc1,2,1.6528925619834711,0,0.0,0.4720232,0.6010736999999999,0.4664394,"['F[B-]1(F)n2cccc2C(c2cccnc2)=C2c3ccccc3C(c3ccncc3)=[N+]21', 'F[B-]1(F)n2c(cc(Br)c2Cl)C(c2cccnc2)=C2c3ccccc3C(c3cccnc3)=[N+]21']",28,0.13463429999999993,290
c1ccc(C2=C(c3ccccc3)C(c3ccccc3)=[C+]3[CH-]c4cccc4C(c4cccc4)=C23)cc1,2,1.6528925619834711,0,0.0,0.4720232,0.29417635,0.4720232,"['F[B-]1(F)n2cccc2C(c2ccc[nH]2)=C2C(c3ccccc3)=C(c3ccccc3)C(c3ccccc3)=[N+]21', 'F[B-]1(F)n2cccc2C(c2cccs2)=C2C(c3cccnc3)=C(c3ccccc3)C(c3ccccc3)=[N+]21']",35,-0.17784685,290
C1=[C+]2[CH-]c3cccc3C(c3ccccc3)=C2C(c2ccccc2)=C1c1ccccc1,2,1.6528925619834711,0,0.0,0.4720232,0.2956854,0.4720232,"['F[B-]1(F)n2cccc2C(c2ccc(Cl)cc2)=C2C(c3ccc(Cl)cc3)=C(c3ccccc3)C(Cl)=[N+]21', 'F[B-]1(F)n2cccc2C(c2ccc(Br)cc2)=C2C(c3ccccc3)=C(c3ccccc3)C(Cl)=[N+]21']",30,-0.1763378,290
C1=CC(c2ccccc2)=[C+]2[CH-]c3cccc3C(c3ccccc3)=C12,7,5.691056910569105,0,0.0,0.501756,0.602625,0.49881465,"['Cc1c(Br)c(C)n2c1C(c1ccccc1)=C1C(Cl)=C(Cl)C(c3ccccc3)=[N+]1[B-]2(F)F', 'F[B-]1(F)n2cccc2C(c2ccc(Cl)cc2)=C2C=CC(c3ccccn3)=[N+]21', 'CC1=CC(c2ccccc2)=[N+]2C1=C(c1cccnc1)c1c(Br)c(Cl)c(Cl)n1[B-]2(F)F', 'F[B-]1(F)n2cccc2C(c2cccnc2)=C2C(Br)=CC(c3ccccc3)=[N+]21', 'Fc1c(Br)c(F)n2c1C(c1cccnc1)=C1C=CC(c3ccccn3)=[N+]1[B-]2(F)F', 'F[B-]1(F)n2c(Br)ccc2C(c2ccncc2)=C2C=CC(c3cccnc3)=[N+]21', 'Fc1ccc(C2=C3C=CC(c4ccncc4)=[N+]3[B-](F)(F)n3cccc32)cc1']",24,0.10381034999999994,300
C1=CC2=C(c3ccccc3)c3cccc3[CH-][C+]2=C1,7,5.691056910569105,0,0.0,0.501756,0.0,0.5073796500000001,"['F[B-]1(F)n2cccc2C(c2cccnc2)=C2C(Br)=CC(Br)=[N+]21', 'F[B-]1(F)n2c(cc(Cl)c2Br)C(c2cccnc2)=C2C(Br)=CC=[N+]21', 'F[B-]1(F)n2cc(Cl)cc2C(c2cccnc2Cl)=C2C=CC(Br)=[N+]21', 'F[B-]1(F)n2cccc2C(c2ccncc2)=C2C(Cl)=CC=[N+]21', 'F[B-]1(F)n2cccc2C(c2ccc(Br)cc2)=C2C=C(Br)C(Cl)=[N+]21', 'F[B-]1(F)n2cccc2C(c2ccc(Br)cc2)=C2C(Br)=CC=[N+]21', 'F[B-]1(F)n2c(Br)ccc2C(c2ccccc2)=C2C(Br)=CC(Br)=[N+]21']",18,-0.5073796500000001,300
C1=C2[CH-]c3cccc3C(c3ccccc3)=C2C=C1c1ccccc1,2,1.6260162601626018,0,0.0,0.501756,0.5518985000000001,0.4995141,"['CC1=C(c2cccnc2)C(Cl)=C2C1=C(c1ccncc1)c1cccn1[B-]2(F)F', 'F[B-]1(F)C2=CC(c3ccccc3)=CC2=C(c2ccncc2)c2cccn21']",24,0.05238440000000005,300
c1ccc(C2=C3[CH-]c4cccc4C(c4cccc4)=C3[CH-]c3cccc32)cc1,2,1.6260162601626018,0,0.0,0.501756,0.58735525,0.4995141,"['F[B-]1(F)C2=C(c3cccnc3)c3ccc(Br)n3[B-](F)(F)C2=C(c2ccc[nH]2)c2cccn21', 'F[B-]1(F)C2=C(c3ccc[nH]3)c3cccn3[B-](F)(F)C2=C(c2ccncc2)c2cccn21']",27,0.08784114999999998,300
C1=C(c2ccccc2)C(c2ccccc2)=[C+]2[CH-]c3cccc3C(c3ccccc3)=C12,2,1.6260162601626018,0,0.0,0.501756,0.60229165,0.4995141,"['CC1=C(c2ccccc2)C(c2ccccc2)=[N+]2C1=C(c1ccccn1)c1cccn1[B-]2(F)F', 'Cc1ccc(C2=C3C=C(c4ccccc4)C(c4ccccc4)=[N+]3[B-](F)(F)n3cc(C)cc32)cc1']",30,0.10277754999999994,300
c1ccc(C2=C3[CH-]c4cccc4C(c4ccccc4)=[C+]3[CH-]c3cccc32)cc1,2,1.6260162601626018,0,0.0,0.501756,0.5845297,0.4995141,"['Cc1cc(C)c(C2=C3[N+](=C(c4ccccn4)c4c(C)c(Br)c(Br)n4[B-]3(F)F)[B-](F)(F)n3cccc32)c(C)c1', 'Cc1ccc(C2=[N+]3C(=C(c4ccc(Br)cc4)c4ccc(Cl)n4[B-]3(F)F)[B-](F)(F)n3cccc32)cc1']",28,0.08501560000000002,300
C1=c2ccccc2=C(c2cccc2)c2cccc2[CH-]1,2,1.6260162601626018,0,0.0,0.501756,0.5208399,0.4995141,"['Fc1ccc2c(c1)=C[B-](F)(F)n1cccc1C=2c1cccs1', 'F[B-]1(F)C=c2cc(Br)ccc2=C(c2ccc[nH]2)c2cccn21']",19,0.021325800000000006,300
C1=c2ccccc2=C(c2ccccc2)c2cccc2[CH-]1,2,1.6260162601626018,0,0.0,0.501756,0.5451971,0.4995141,"['F[B-]1(F)N=c2cccc(Cl)c2=C(c2ccccn2)c2cccn21', 'F[B-]1(F)C=c2cc(Cl)ccc2=C(c2ccc(Cl)cc2)c2ccc(Cl)n21']",20,0.045682999999999974,300
C1=CC2=C(c3ccccc3)c3cccc3[CH-]C2=C1,2,1.6260162601626018,0,0.0,0.501756,0.5411547000000001,0.4995141,"['F[B-]1(F)C2=CC(Cl)=C(Cl)C2=C(c2cccnc2)c2c(Cl)ccn21', 'F[B-]1(F)C2=CC(Br)=CC2=C(c2ccc(Br)cc2)c2ccc(Br)n21']",18,0.04164060000000008,300
C1=CC2=C(c3cccc3)c3cccc3[CH-][C+]2=C1,4,3.361344537815126,0,0.0,0.5075905,0.5801184500000001,0.5053888,"['F[B-]1(F)n2c(cc(Br)c2Br)C(c2cccs2)=C2C(Cl)=C(Cl)C(Cl)=[N+]21', 'F[B-]1(F)n2cc(Br)cc2C(c2ccc(Br)s2)=C2C=CC(Br)=[N+]21', 'F[B-]1(F)n2cccc2C(c2cccs2)=C2C(Cl)=CC(Cl)=[N+]21', 'F[B-]1(F)n2c(Br)ccc2C(c2ccc[nH]2)=C2C(Br)=CC(Br)=[N+]21']",17,0.07472965000000009,310
C1=CC2=C(c3ccccc3)c3cccc3[CH-][C+]2=C1,3,2.5210084033613445,0,0.0,0.5075905,0.0,0.509135,"['F[B-]1(F)n2c(Cl)ccc2C(c2ccc(Cl)cc2)=C2C(Cl)=C(Cl)C(Cl)=[N+]21', 'F[B-]1(F)n2ccc(Br)c2C(c2ccc(Br)cc2)=C2C=CC(Cl)=[N+]21', 'F[B-]1(F)n2c(Cl)ccc2C(c2ccc(Br)cc2)=C2C=C(Br)C(Br)=[N+]21']",18,-0.509135,310
C1=CC(c2ccccc2)=[C+]2[CH-]c3cccc3C(c3ccccc3)=C12,3,2.5210084033613445,0,0.0,0.5075905,0.6053306,0.50648965,"['F[B-]1(F)n2cc(Br)cc2C(c2ccccn2)=C2C=CC(c3ccccn3)=[N+]21', 'F[B-]1(F)n2c(Cl)ccc2C(c2ccccc2)=C2C(Br)=CC(c3ccccc3)=[N+]21', 'Fc1ccc(C2=C3C=CC(c4ccccc4)=[N+]3[B-](F)(F)n3cccc32)cc1']",24,0.09884095000000004,310
C1=C(c2ccccc2)C=[C+]2[CH-]c3cccc3C(c3ccccc3)=C12,3,2.5210084033613445,0,0.0,0.5075905,0.5987383,0.5021069,"['F[B-]1(F)n2c(Br)ccc2C(c2ccc(Br)nc2)=C2C=C(c3cccnc3)C=[N+]21', 'Cc1cccc(C2=C3C=C(c4ccncc4)C(Cl)=[N+]3[B-](F)(F)n3c(Cl)ccc32)c1', 'F[B-]1(F)n2c(Br)ccc2C(c2ccccc2)=C2C(Cl)=C(c3cccnc3)C(Cl)=[N+]21']",24,0.09663139999999992,310
c1ccc(C2=C3[CH-]c4cccc4C(c4ccccc4)=C3[CH-]c3cccc32)cc1,2,1.680672268907563,0,0.0,0.5075905,0.5902873,0.5053888,"['F[B-]1(F)C2=C(c3ccccc3)c3ccc(Cl)n3[B-](F)(F)C2=C(c2cccc(Cl)c2)c2cccn21', 'F[B-]1(F)C2=C(c3ccccn3)c3cccn3[B-](F)(F)C2=C(c2ccc(Br)cc2)c2cccn21']",28,0.08489849999999999,310
C1=CC(=C2c3ccccc3[CH-]c3cccc32)C=CC1,2,1.680672268907563,0,0.0,0.5075905,0.5191074,0.5075905,"['FC1=C(F)C(F)(F)C(F)=C(F)C1=C1c2cccnc2[B-](F)(F)n2cccc21', 'FC1=CC(=C2c3ccccc3[B-](F)(F)n3cccc32)C=C(Cl)C1(F)F']",19,0.011516900000000052,310
c1ccc(C2=C3c4ccccc4C(c4ccccc4)=[C+]3[CH-]c3cccc32)cc1,2,1.680672268907563,0,0.0,0.5075905,0.60479575,0.5053888,"['F[B-]1(F)n2c(Cl)ccc2C(c2ccccc2Cl)=C2c3ccccc3C(c3ccccc3)=[N+]21', 'F[B-]1(F)n2cccc2C(c2ccc(Br)cc2)=C2c3ccccc3C(c3ccccc3)=[N+]21']",28,0.09940695,310
C1=CC2=C(c3ccccc3)c3cccc3[CH-][C+]2=C1,6,4.918032786885246,0,0.0,0.5195439500000001,0.0,0.52332405,"['F[B-]1(F)n2c(Br)ccc2C(c2ccccn2)=C2C=CC=[N+]21', 'Fc1ccc(C2=C3C=CC=[N+]3[B-](F)(F)n3cccc32)cc1', 'F[B-]1(F)n2c(Br)cc(Br)c2C(c2cccnc2)=C2C=CC(Br)=[N+]21', 'COc1ccc(C2=C3C=CC=[N+]3[B-](F)(F)n3cccc32)cc1', 'Oc1ccc(C2=C3C(Cl)=CC=[N+]3[B-](F)(F)n3c(Cl)ccc32)cc1Br', 'CC1=[N+]2C(=C(c3ccc(C(F)(F)F)cc3)c3ccc(Cl)n3[B-]2(F)F)C=C1Br']",18,-0.52332405,320
C1=CC(c2ccccc2)=[C+]2[CH-]c3cccc3C(c3ccccc3)=C12,4,3.278688524590164,0,0.0,0.5195439500000001,0.60376075,0.5165868,"['Cc1ccc(C2=[N+]3C(=C(c4ccc(C(F)(F)F)cc4)c4ccc(Br)n4[B-]3(F)F)C=C2)cc1', 'F[B-]1(F)n2cccc2C(c2ccccc2)=C2C=CC(c3ccccn3)=[N+]21', 'F[B-]1(F)n2cccc2C(c2ccccn2)=C2C(Cl)=C(Cl)C(c3ccncc3)=[N+]21', 'F[B-]1(F)n2cccc2C(c2ccccc2)=C2C(Cl)=CC(c3ccccn3)=[N+]21']",24,0.08717394999999994,320
C1=C(c2ccccc2)C=[C+]2[CH-]c3cccc3C(c3ccccc3)=C12,4,3.278688524590164,0,0.0,0.5195439500000001,0.6018968,0.5115646,"['F[B-]1(F)n2c(Br)ccc2C(c2ccc(C(F)(F)F)cc2)=C2C=C(c3cccc(Br)c3)C(Br)=[N+]21', 'F[B-]1(F)n2c(Cl)ccc2C(c2cccc(Cl)c2)=C2C=C(c3ccccc3)C(Cl)=[N+]21', 'CN(C)c1ccc(C2=CC3=C(c4ccccc4)c4cccn4[B-](F)(F)[N+]3=C2)cc1', 'COc1ccc(C2=C3C(Cl)=C(c4ccc(Cl)cc4)C(C)=[N+]3[B-](F)(F)n3c(Cl)ccc32)cc1']",24,0.09033219999999997,320
C1=C(c2ccccc2)C(c2ccccc2)=[C+]2[CH-]c3cccc3C(c3ccccc3)=C12,4,3.278688524590164,0,0.0,0.5195439500000001,0.596401,0.5165868,"['COc1ccc(C2=C3C=C(c4ccccc4)C(c4ccccc4)=[N+]3[B-](F)(F)n3c(Cl)ccc32)cc1', 'COc1ccc(C2=C3C=C(c4ccccc4)C(c4ccccc4)=[N+]3[B-](F)(F)n3cccc32)cc1', 'F[B-]1(F)n2c(cc(Br)c2Br)C(c2ccc(Br)cc2)=C2C=C(c3ccccc3)C(c3ccc(Br)cc3)=[N+]21', 'F[B-]1(F)n2cccc2C(c2ccccc2)=C2C=C(c3ccccc3)C(c3ccccc3)=[N+]21']",30,0.07981419999999995,320
C1=C(c2ccccc2)C=[C+]2[CH-]c3cccc3C(c3cccc3)=C12,2,1.639344262295082,0,0.0,0.5195439500000001,0.59404335,0.5165868,"['F[B-]1(F)n2cccc2C(c2ccc[nH]2)=C2C=C(c3ccccc3)C=[N+]21', 'F[B-]1(F)n2c(Br)ccc2C(c2ccc(Br)s2)=C2C=C(c3ccc(CBr)cc3)C(Br)=[N+]21']",23,0.07745654999999996,320
C1=C2[CH-]c3cccc3C(c3ccccc3)=C2C=C1c1ccccc1,2,1.639344262295082,0,0.0,0.5195439500000001,0.5450082,0.5165868,"['F[B-]1(F)C2=CC(c3ccccc3)=CC2=C(c2ccc(Br)nc2)c2cc(Br)c(Br)n21', 'F[B-]1(F)C2=CC(c3ccc(Br)cc3)=CC2=C(c2cccc(Cl)c2)c2ccc(Br)n21']",24,0.02842140000000004,320
C1=C2[CH-]c3cccc3C(c3cccc3)=C2C=C1c1cccc1,2,1.639344262295082,0,0.0,0.5195439500000001,0.5619969,0.5165868,"['F[B-]1(F)C2=C(Cl)C(c3ccc[nH]3)=CC2=C(c2ccco2)c2ccc(Cl)n21', 'F[B-]1(F)C2=C(Cl)C(c3ccc[nH]3)=CC2=C(c2ccc[nH]2)c2cccn21']",22,0.04541010000000001,320
C1=C(c2ccccc2)C(c2ccccc2)=[C+]2[CH-]c3cccc3C(c3ccccc3)=C12,6,4.838709677419355,0,0.0,0.48246395,0.59800705,0.47961945,"['Fc1ccc(C2=[N+]3C(=C(c4ccccc4)c4cccn4[B-]3(F)F)C=C2c2ccccc2)cc1', 'Cc1ccc2n1[B-](F)(F)[N+]1=C(c3ccccc3)C(c3ccccc3)=CC1=C2c1ccncc1', 'Fc1ccc(C2=CC3=C(c4ccccn4)c4cccn4[B-](F)(F)[N+]3=C2c2ccc(F)cc2)cc1', 'F[B-]1(F)n2cccc2C(c2ccc(Br)cc2)=C2C=C(c3ccc(Br)cc3)C(c3ccccc3)=[N+]21', 'F[B-]1(F)n2c(Br)ccc2C(c2ccc(Br)cc2)=C2C=C(c3ccc(Cl)c(Cl)c3)C(c3ccccc3)=[N+]21', 'FC1=C(c2ccccc2)C(c2ccccc2)=[N+]2C1=C(c1c(F)c(F)c(F)c(F)c1F)c1cccn1[B-]2(F)F']",30,0.11838759999999998,330
C1=CC2=C(c3ccccc3)c3cccc3[CH-][C+]2=C1,4,3.225806451612903,0,0.0,0.48246395,0.0,0.48398135,"['F[B-]1(F)n2c(Br)ccc2C(c2ccccn2)=C2C(Cl)=CC(Cl)=[N+]21', 'F[B-]1(F)n2c(cc(Br)c2Cl)C(c2ccc(Cl)cc2)=C2C(Br)=CC(Br)=[N+]21', 'F[B-]1(F)n2c(cc(Br)c2Br)C(c2ccccn2)=C2C=CC(Br)=[N+]21', 'F[B-]1(F)n2c(Br)ccc2C(c2ccc(Cl)cc2)=C2C=CC=[N+]21']",18,-0.48398135,330
C1=CC(c2ccccc2)=[C+]2[CH-]c3cccc3C(c3ccccc3)=C12,4,3.225806451612903,0,0.0,0.48246395,0.2923597,0.48246395,"['F[B-]1(F)n2cccc2C(c2ccccc2)=C2C=C(Br)C(c3ccccc3)=[N+]21', 'Cc1cccc(C2=[N+]3C(=C(c4ccccc4Cl)c4c(C)c(C)nn4[B-]3(F)F)C(Cl)=N2)c1', 'F[B-]1(F)n2ccc(Br)c2C(c2ccccc2)=C2C=CC(c3ccccn3)=[N+]21', 'F[B-]1(F)n2cc(Cl)cc2C(c2ccccc2)=C2C=CC(c3ccccc3)=[N+]21']",24,-0.19010424999999997,330
C1=CC2=C(c3ccccc3)c3cccc3[CH-]C2=C1,3,2.4193548387096775,0,0.0,0.48246395,0.5412352,0.4800714,"['O=[N+]([O-])c1ccc(C2=C3C=C(Br)C(Br)=C3[B-](F)(F)n3c2cc(Br)c3Br)cc1', 'CN(C)c1ccc(C2=C3C=C(Cl)C=C3[B-](F)(F)n3cccc32)cc1', 'F[B-]1(F)C2=C(Br)C(Br)=CC2=C(c2cccnc2)c2ccc(Br)n21']",18,0.061163800000000046,330
c1ccc(C2=c3ccccc3=[C+](c3ccccc3)[CH-]c3cccc32)cc1,3,2.4193548387096775,0,0.0,0.48246395,0.5369587,0.4800714,"['F[B-]1(F)n2cc(Br)cc2C(c2ccccn2)=c2c(Cl)cc(Br)cc2=[N+]1c1ccccc1', 'Cc1cc(Br)cc2c1=C(c1ccncc1)c1ccc(Br)n1[B-](F)(F)[N+]=2c1ccc(Cl)cc1', 'F[B-]1(F)n2c(cc(Cl)c2Cl)C(c2ccncc2)=c2ccc(Br)cc2=[N+]1c1cccnc1']",26,0.05688730000000003,330
C1=[C+]2[CH-]c3cccc3C(c3ccccc3)=C2c2ccccc21,2,1.6129032258064515,0,0.0,0.48246395,0.61126395,0.48112299999999997,"['F[B-]1(F)n2cccc2C(c2ccc(Cl)cc2)=C2c3ccccc3C(Br)=[N+]21', 'F[B-]1(F)n2c(Cl)c(Cl)c(Cl)c2C(c2ccccc2Cl)=C2c3ccccc3C(Cl)=[N+]21']",22,0.13014095000000003,330
C1=C(c2ccccc2)C=[C+]2[CH-]c3cccc3C(c3ccccc3)=C12,2,1.6129032258064515,0,0.0,0.48246395,0.6034319,0.48112299999999997,"['Fc1ccc(C2=C3C=C(c4ccccc4)C(Cl)=[N+]3[B-](F)(F)n3c2cc(Br)c3Cl)cc1', 'CC1=[N+]2C(=C(c3c(F)c(F)c(F)c(F)c3F)c3cccn3[B-]2(F)F)C=C1c1ccccc1']",24,0.12230890000000005,330
C1=C(c2ccccc2)C=[C+]2[CH-]c3cccc3C(c3cccc3)=C12,2,1.6129032258064515,0,0.0,0.48246395,0.58945165,0.48112299999999997,"['F[B-]1(F)n2c(Br)ccc2C(c2cccs2)=C2C=C(c3ccccn3)C(Cl)=[N+]21', 'CC1=C(c2ccccc2)C(N)=[N+]2C1=C(c1cccn1C)c1cccn1[B-]2(F)F']",23,0.10832865000000003,330
C1=[C+]2[CH-]c3cccc3C(c3cccc3)=C2c2ccccc21,2,1.6129032258064515,0,0.0,0.48246395,0.60091595,0.48112299999999997,"['F[B-]1(F)n2c(Br)cc(Br)c2C(c2ccc[nH]2)=C2c3ccccc3C(Br)=[N+]21', 'F[B-]1(F)n2cccc2C(c2ccc[nH]2)=C2c3ccccc3C(Br)=[N+]21']",21,0.11979295000000001,330
C1=C2[CH-]c3cccc3C(c3ccccc3)=C2c2ccccc21,2,1.6129032258064515,0,0.0,0.48246395,0.5488972000000001,0.48112299999999997,"['COC1=C2C(=C(c3cccnc3)c3ccc(Cl)n3[B-]2(F)F)c2ccccc21', 'COc1ccc(C2=C3C(=C(Cl)c4cccnc43)[B-](F)(F)n3c(Br)ccc32)cc1']",22,0.06777420000000012,330
[C+]1=C(c2ccccc2)C(c2ccccc2)=CC1=Cc1ccccc1,2,1.6129032258064515,0,0.0,0.48246395,0.38315895,0.48246395,"['[O-][N+]1=C(c2ccccc2)C(c2ccccc2)=C(F)C1=Cc1ccccc1', 'COc1ccc(C([O-])=C2N=C(c3ccccc3)C(c3ccccc3)=[S+]2)cc1']",24,-0.09930499999999998,330
C1=CC2=C(c3ccccc3)c3cccc3[CH-][C+]2=C1,3,2.479338842975207,0,0.0,0.5071943,0.5848639,0.5056917,"['Cc1cc(C2=C3C(Cl)=NC(Cl)=[N+]3[B-](F)(F)n3c(Cl)c(Cl)c(Cl)c32)cc(C)c1C', 'Fc1c(F)c(F)c(C2=C3C(Cl)=C(Cl)C(Cl)=[N+]3[B-](F)(F)n3cccc32)c(F)c1F', 'F[B-]1(F)n2c(Br)ccc2C(c2cnc(Cl)nc2Cl)=C2C=CC(Br)=[N+]21']",18,0.07917220000000003,340
C1=[C+]2[CH-]c3cccc3C(c3ccccc3)=C2c2ccccc21,3,2.479338842975207,0,0.0,0.5071943,0.6078013,0.48859089999999994,"['F[B-]1(F)n2c(Cl)ccc2C(c2ccc(Cl)nc2)=C2c3ccccc3C(Cl)=[N+]21', 'COC(=O)c1ccc(C2=C3c4ccccc4C(Cl)=[N+]3[B-](F)(F)n3c2cc(Br)c3Cl)cc1', 'F[B-]1(F)n2cc(Cl)cc2C(c2ccncc2)=C2c3ccccc3C(Cl)=[N+]21']",22,0.11921040000000005,340
C1=C2[CH-]c3cccc3C(c3ccccc3)=C2C=C1c1ccccc1,2,1.6528925619834711,0,0.0,0.5071943,0.5396185499999999,0.5041891,"['F[B-]1(F)C2=CC(c3ccccc3)=CC2=C(c2ccc(Br)cc2)c2ccc(Cl)n21', 'CN(C)c1ccc(C2=CC3=C(c4ccc(N(C)C)cc4)c4cccn4[B-](F)(F)C3=C2)cc1']",24,0.03542944999999997,340
c1ccc(C2=C3[CH-]c4cccc4C(c4ccccc4)=C3[CH-]c3cccc32)cc1,2,1.6528925619834711,0,0.0,0.5071943,0.5803957,0.5041891,"['F[B-]1(F)C2=C(c3cccnc3)c3cc(Cl)c(Br)n3[B-](F)(F)C2=C(c2cccnc2)c2cccn21', 'F[B-]1(F)C2=C(c3ccc(Cl)nc3)c3cccn3[B-](F)(F)C2=C(c2ccncc2)c2cccn21']",28,0.07620660000000001,340
C1=CC(c2ccccc2)=[C+]2[CH-]c3cccc3C(c3ccccc3)=C12,2,1.6528925619834711,0,0.0,0.5071943,0.5879444,0.5041891,"['F[B-]1(F)n2cc(Cl)cc2C(c2ccc(Cl)cc2)=C2C=C(Cl)C(c3ccccc3)=[N+]21', 'COc1cc(C2=C3C=CC(c4ccc(N(C)C)cc4)=[N+]3[B-](F)(F)n3cccc32)cc(OC)c1O']",24,0.08375530000000009,340
c1ccc(C2=C3C(=C(c4ccccc4)c4ccccc43)[CH-]c3cccc32)cc1,2,1.6528925619834711,0,0.0,0.5071943,0.5559802,0.5041891,"['F[B-]1(F)C2=C(c3cccnc3)c3ccccc3C2=C(c2ccc(Cl)cc2)c2cccn21', 'F[B-]1(F)C2=C(c3ccccc3)c3ccccc3C2=C(c2ccncc2)c2c(Br)c(Cl)c(Br)n21']",28,0.05179110000000009,340
c1ccc(C2=C3c4ccccc4C(c4ccccc4)=[C+]3[CH-]c3cccc32)cc1,2,1.6528925619834711,0,0.0,0.5071943,0.2861106,0.5071943,"['Fc1ccc(C2=C3c4ccccc4C(c4ccccc4)=[N+]3[B-](F)(F)n3c(Br)c(Br)c(Br)c32)cc1', 'F[B-]1(F)n2c(Cl)ccc2C(c2cccnc2)=C2c3ccccc3C(c3ccccc3)=[N+]21']",28,-0.2210837,340
C1=CC2=C(c3ccccc3)c3cccc3[CH-][C+]2=C1,7,5.737704918032787,0,0.0,0.4822219,0.5524442,0.481285,"['F[B-]1(F)n2c(Br)c(Br)c(Br)c2C(c2ccncc2)=C2C=CC(Cl)=[N+]21', 'COc1ccc(C2=C3C=CC(Br)=[N+]3[B-](F)(F)n3c(Br)ccc32)cc1', 'F[B-]1(F)n2c(cc(Br)c2Cl)C(c2cccnc2)=C2C=CC(Cl)=[N+]21', 'F[B-]1(F)n2c(Cl)ccc2C(c2ccncc2)=C2C=CC(Cl)=[N+]21', 'Cc1c(Br)cc2n1[B-](F)(F)[N+]1=C(Br)C=CC1=C2c1ccncc1', 'F[B-]1(F)n2cc(Cl)cc2C(c2ccncc2)=C2C=CC=[N+]21', 'COc1ccc(C2=C3C=CC(Br)=[N+]3[B-](F)(F)n3c(Br)c(Br)c(Br)c32)cc1']",18,0.07115920000000003,350
C1=CC(c2ccccc2)=[C+]2[CH-]c3cccc3C(c3ccccc3)=C12,4,3.278688524590164,0,0.0,0.4822219,0.0,0.4902817,"['CN(C)c1ccc(C2=C3C=CC(c4ccccc4)=[N+]3[B-](F)(F)n3cccc32)cc1', 'Cc1ccc(C2=[N+]3C(=C(c4ccc(N(C)C)cc4)c4c(C)cc(C)n4[B-]3(F)F)C=C2)cc1', 'F[B-]1(F)n2c(cc(Cl)c2Cl)C(c2ccc(Cl)cc2)=C2C=CC(c3ccccc3)=[N+]21', 'F[B-]1(F)n2cccc2C(c2ccncc2)=C2C(Br)=CC(c3ccccc3)=[N+]21']",24,-0.4902817,350
C1=CC(c2ccccc2)=C2[CH-]c3cccc3C(c3ccccc3)=C12,3,2.459016393442623,0,0.0,0.4822219,0.5418753,0.4810641,"['COc1ccc(C2=C3C(=C(c4ccc(C)cn4)c4cccn4[B-]3(F)F)C=C2)cc1', 'O=[N+]([O-])c1ccc(C2=C3C(=C(c4ccccc4)c4cccn4[B-]3(F)F)C=C2)cc1', 'COc1ccc(C2=C3C(=C(c4ccc(OC)cc4)c4cc(Cl)cn4[B-]3(F)F)C=C2)cc1']",24,0.060811199999999954,350
C1=CC2=C(c3cccc3)c3cccc3[CH-]C2=C1,2,1.639344262295082,0,0.0,0.4822219,0.41269795,0.4822219,"['F[B-]1(F)C2=CC=CC2=C(c2ccco2)c2cccn21', 'F[B-]1(F)C2=CC=C(Cl)C2=C(c2ccco2)c2cc(Cl)c(Cl)n21']",17,-0.06952395,350
C1=C2[CH-]c3cccc3C(c3ccccc3)=C2c2ccccc21,2,1.639344262295082,0,0.0,0.4822219,0.54425975,0.48117455,"['F[B-]1(F)C2=Cc3ccccc3C2=C(c2ccc(Cl)c(Cl)c2)c2c(Cl)c(Cl)c(Cl)n21', 'O=C(O)c1ccc(C2=C3C(=C(Cl)c4cc(Cl)c(Cl)cc43)[B-](F)(F)n3cc(Cl)cc32)cc1']",22,0.06308520000000006,350
C1=CC2=C(c3ccccc3)c3cccc3[CH-]C2=C1,4,3.361344537815126,0,0.0,0.503919,0.52521045,0.5013669,"['F[B-]1(F)C2=CC(Cl)=CC2=C(c2ccncc2)c2cc(Br)c(Br)n21', 'F[B-]1(F)C2=CC=CC2=C(c2ccc(Br)cc2)c2c(Br)cc(Br)n21', 'F[B-]1(F)C2=C(Br)C=CC2=C(c2cccnc2Cl)c2cc(Cl)cn21', 'F[B-]1(F)C2=CC(Br)=CC2=C(c2ccncc2)c2ccc(Br)n21']",18,0.023843550000000047,360
C1=CC(c2ccccc2)=[C+]2[CH-]c3cccc3C(c3ccccc3)=C12,4,3.361344537815126,0,0.0,0.503919,0.3039612,0.503919,"['COc1ccc(C2=C3C=CC(c4cccnc4)=[N+]3[B-](F)(F)n3cc(OC)c(Cl)c32)cc1', 'F[B-]1(F)n2cc(Cl)cc2C(c2ccncc2)=C2C=CC(c3ccc(Br)cc3)=[N+]21', 'Fc1c(F)c(F)c(C2=C3C=CC(c4ccccc4)=[N+]3[B-](F)(F)n3cccc32)c(F)c1F', 'F[B-]1(F)n2cccc2C(c2ccc(Cl)cc2)=C2C=CC(c3ccc(Cl)cc3)=[N+]21']",24,-0.19995780000000002,360
c1ccc(C2=C3c4ccccc4C(c4ccccc4)=[C+]3[CH-]c3cccc32)cc1,3,2.5210084033613445,0,0.0,0.503919,0.5684041,0.5038963000000001,"['F[B-]1(F)n2c(Cl)ccc2C(c2ccncc2)=C2c3ccccc3C(c3ccccc3)=[N+]21', 'Cc1ccc(C2=C3c4ccccc4C(c4ccncc4)=[N+]3[B-](F)(F)n3c(Br)c(Br)c(Br)c32)c(C)c1', 'Cc1cc(C2=C3c4ccccc4C(c4ccc(Cl)cc4)=[N+]3[B-](F)(F)n3c(Cl)ccc32)cc(Cl)c1O']",28,0.06450779999999989,360
c1ccc(C2=c3c(c(-c4ccccc4)c4cccc34)[CH-]c3cccc32)cc1,3,2.5210084033613445,0,0.0,0.503919,0.5110477,0.50262025,"['Oc1ccc(C2=c3c(c(-c4ccncc4)c4cccn34)[B-](F)(F)n3cccc32)cc1', 'F[B-]1(F)c2c(-c3ccc(Br)cc3)c3ccc(Br)n3c2=C(c2ccc(Br)cc2)c2cccn21', 'F[B-]1(F)c2c(-c3cccnc3)c3cccn3c2=C(c2ccccn2)c2cccn21']",27,0.008427450000000003,360
c1ccc(C2=C3C(=C(c4ccccc4)c4ccccc43)[CH-]c3cccc32)cc1,2,1.680672268907563,0,0.0,0.503919,0.5568737500000001,0.5038736,"['F[B-]1(F)C2=C(c3cccnc3)c3ccccc3C2=C(c2ccncc2)c2c(Br)ccn21', 'F[B-]1(F)C2=C(c3ccccc3)c3ccccc3C2=C(c2ccc(Cl)nc2)c2c(Cl)c(Br)c(Br)n21']",28,0.053000150000000024,360
C1=C(c2ccccc2)C2=C(c3cccc3)c3cccc3[CH-][C+]2=C1c1ccccc1,2,1.680672268907563,0,0.0,0.503919,0.58680295,0.5038736,"['F[B-]1(F)n2c(Cl)c(Cl)c(Cl)c2C(c2ccc[nH]2)=C2C(c3ccc(Br)cc3)=CC(c3ccccc3)=[N+]21', 'F[B-]1(F)n2cccc2C(c2ccco2)=C2C(c3ccncc3)=CC(c3ccncc3)=[N+]21']",29,0.08292935000000001,360
c1ccccc1,2,1.680672268907563,101,84.87394957983193,0.503919,0.0211161,0.5068985,"['Nc1c(Cl)c(Cl)c(N)c(Cl)c1Cl', 'Cc1cc([N+](=O)[O-])c(O)cc1[N+](=O)[O-]']",6,-0.48578240000000006,360
C1=CC(c2ccccc2)=[C+]2[CH-]c3cccc3C(c3ccccc3)=C12,5,4.132231404958678,0,0.0,0.5166183,0.0,0.5171676000000001,"['CC1=CC(c2ccccc2)=[N+]2C1=C(c1cccnc1)c1c(Br)ccn1[B-]2(F)F', 'F[B-]1(F)n2c(Br)ccc2C(c2cccnc2)=C2C=CC(c3ccc(Br)cc3)=[N+]21', 'F[B-]1(F)n2cc(Cl)c(Cl)c2C(c2ccccc2)=C2C=CC(c3ccccc3)=[N+]21', 'COc1ccc(C2=C3C=CC(c4cccc(OC)c4)=[N+]3[B-](F)(F)n3cccc32)cc1', 'F[B-]1(F)n2c(Br)ccc2C(c2ccncc2)=C2C(Br)=C(Cl)C(c3ccccc3)=[N+]21']",24,-0.5171676000000001,370
c1ccc(C2=C3c4ccccc4C(c4ccccc4)=[C+]3[CH-]c3cccc32)cc1,4,3.3057851239669422,0,0.0,0.5166183,0.5970462000000001,0.5074175,"['COc1ccc(C2=[N+]3C(=C(c4ccccn4)c4cccn4[B-]3(F)F)c3ccccc32)cc1', 'COc1ccc(C2=[N+]3C(=C(c4ccc(C)cc4)c4c(C)cc(C)n4[B-]3(F)F)c3ccccc32)cc1', 'F[B-]1(F)n2c(Cl)c(Cl)c(Br)c2C(c2ccccn2)=C2c3ccccc3C(c3ccccc3)=[N+]21', 'F[B-]1(F)n2c(Cl)c(Cl)c(Cl)c2C(c2ccccc2)=C2c3ccccc3C(c3ccccc3)=[N+]21']",28,0.08962870000000012,370
C1=CC2=C(c3ccccc3)c3cccc3[CH-]C2=C1,3,2.479338842975207,0,0.0,0.5166183,0.4939702,0.5171676000000001,"['F[B-]1(F)C2=CC=CC2=C(c2ccc(Cl)cc2)c2cc(Cl)c(Cl)n21', 'F[B-]1(F)C2=C(Br)C=C(Br)C2=C(c2cccnc2)c2ccc(Br)n21', 'F[B-]1(F)C2=CC=CC2=C(c2cccnc2)c2c(Br)c(Br)c(Br)n21']",18,-0.023197400000000035,370
C1=C2[CH-]c3cccc3C(c3ccccc3)=C2C=C1c1cccc1,3,2.479338842975207,0,0.0,0.5166183,0.5461534,0.5073812,"['O=[N+]([O-])c1ccc(C2=C3C(Cl)=C(c4ccco4)C(Cl)=C3[B-](F)(F)n3c(Br)ccc32)cc1', 'Fc1c(F)c(F)c(C2=C3C=C(c4ccco4)C=C3[B-](F)(F)n3cccc32)c(F)c1F', 'F[B-]1(F)C2=C(Br)C(c3ccc[nH]3)=C(Cl)C2=C(c2cccnc2Br)c2cc(Cl)nn21']",23,0.038772200000000034,370
c1ccc(C2=[C+]3[CH-]c4cccc4C(c4cccc4)=C3c3ccccc32)cc1,3,2.479338842975207,0,0.0,0.5166183,0.5580008,0.5120179,"['F[B-]1(F)n2cc(Br)cc2C(c2cccs2)=C2c3ccccc3C(c3ccccn3)=[N+]21', 'F[B-]1(F)n2cccc2C(c2cccs2)=C2c3ccccc3C(c3ccccc3)=[N+]21', 'F[B-]1(F)n2c(Br)ccc2C(c2ccc(Br)s2)=C2c3ccccc3C(c3ccccc3Br)=[N+]21']",27,0.04598289999999994,370
C1=C(c2ccccc2)C2=C(c3ccccc3)c3cccc3[CH-][C+]2=C1c1ccccc1,3,2.479338842975207,0,0.0,0.5166183,0.6004025,0.5073812,"['Fc1cc(C2=[N+]3C(=C(c4ccccc4)c4cccn4[B-]3(F)F)C(c3ccccc3)=C2)ccn1', 'Cc1cc2n(c1)[B-](F)(F)[N+]1=C(c3ccccc3)C=C(c3ccccc3)C1=C2c1ccc(N(C)C)cc1', 'O=[N+]([O-])c1ccc(C2=[N+]3C(=C(c4ccccc4)c4ccc(Cl)n4[B-]3(F)F)C(c3ccccc3)=C2Cl)cc1']",30,0.09302129999999997,370
C1=[C+]2[CH-]c3cccc3C(c3ccccc3)=C2c2ccccc21,3,2.479338842975207,0,0.0,0.5166183,0.604844,0.5120179,"['CC1=[N+]2C(=C(c3ccccc3)c3cccn3[B-]2(F)F)c2ccccc21', 'F[B-]1(F)n2cccc2C(c2ccccc2Cl)=C2c3ccccc3C(Cl)=[N+]21', 'COc1ccc(C2=C3c4cc(F)ccc4C(Cl)=[N+]3[B-](F)(F)n3c2cc(Br)c3Br)cc1']",22,0.09282610000000002,370
C1=CC2=C(c3ccccc3)c3cccc3[CH-][C+]2=C1,2,1.6528925619834711,0,0.0,0.5166183,0.0,0.5177169,"['F[B-]1(F)n2c(Br)c(Br)c(Br)c2C(c2ccc(Br)cc2)=C2C=CC=[N+]21', 'F[B-]1(F)n2c(Br)c(Br)c(Br)c2C(c2ccccn2)=C2C=CC(Br)=[N+]21']",18,-0.5177169,370
C=C1Cc2ccccc2C1=C1c2ccccc2[CH-]c2cccc21,2,1.6528925619834711,0,0.0,0.5166183,0.5293952,0.5074175,"['CN1C(=O)C(=C2c3ccccc3[B-](F)(F)n3cc(Cl)cc32)c2ccccc21', 'CN1C(=O)C(=C2c3ccccc3[B-](F)(F)n3cccc32)c2ccccc21']",23,0.02197769999999999,370
c1ccc(C2=C3C(=C(c4cccc4)c4ccccc43)[CH-]c3cccc32)cc1,2,1.6528925619834711,0,0.0,0.5166183,0.5528707500000001,0.5074175,"['Cn1cccc1C1=C2C(=C(c3ccncc3)c3cccn3[B-]2(F)F)c2ccccc21', 'F[B-]1(F)C2=C(c3ccc[nH]3)c3ccccc3C2=C(c2ccncc2)c2c(Br)c(Br)cn21']",27,0.04545325000000011,370
c1ccc(C2=C3c4ccccc4C(c4ccccc4)=[C+]3[CH-]c3cccc32)cc1,6,4.8,0,0.0,0.5283743,0.6022145000000001,0.5143297,"['F[B-]1(F)n2c(Cl)ccc2C(c2ccccc2)=C2c3ccccc3C(c3cccc(Cl)c3)=[N+]21', 'Cc1ccc(C2=C3c4ccccc4C(c4ccccn4)=[N+]3[B-](F)(F)n3c(Cl)ccc32)cc1', 'Cc1ccc(C2=C3c4ccccc4C(c4ccc(Cl)cc4)=[N+]3[B-](F)(F)n3c(Br)ccc32)c(C)c1', 'COc1ccc(C2=C3c4ccccc4C(c4ccc(OC)cc4)=[N+]3[B-](F)(F)n3cccc32)cc1', 'COc1ccc(C2=C3c4ccccc4C(c4ccc(F)cc4)=[N+]3[B-](F)(F)n3c(C)ccc32)cc1', 'F[B-]1(F)n2cc(Cl)cc2C(c2ccccc2)=C2c3ccccc3C(c3ccccc3)=[N+]21']",28,0.0878848000000001,380
c1ccc(C2=c3c(c(-c4ccccc4)c4cccc34)[CH-]c3cccc32)cc1,4,3.2,0,0.0,0.5283743,0.5502769000000001,0.5211921,"['F[B-]1(F)c2c(-c3ccccc3)c3cccn3c2=C(c2cccnc2)c2ccc(Br)n21', 'O=[N+]([O-])c1ccc(C2=c3c(c(-c4ccccn4)c4cccn34)[B-](F)(F)n3c(Br)ccc32)cc1', 'O=[N+]([O-])c1ccc(C2=c3c(c(-c4cccnc4)c4cccn34)[B-](F)(F)n3c(Br)cc(Cl)c32)cc1', 'O=[N+]([O-])c1ccc(-c2c3c(n4c(Cl)ccc24)=C(c2ccccc2Cl)c2ccc(Br)n2[B-]3(F)F)cc1']",27,0.029084800000000022,380
C1=C(c2ccccc2)C2=C(c3ccccc3)c3cccc3[CH-][C+]2=C1c1ccccc1,4,3.2,0,0.0,0.5283743,0.5946358,0.5271111,"['F[B-]1(F)n2cc(Cl)cc2C(c2ccccc2)=C2C(c3ccccc3)=CC(c3ccccc3)=[N+]21', 'COc1ccc(C2=CC(c3ccc(F)cc3)=[N+]3C2=C(c2ccc(C)cc2)c2cccn2[B-]3(F)F)cc1', 'F[B-]1(F)n2cccc2C(c2ccc(Cl)cc2)=C2C(c3ccccc3)=CC(c3ccccc3)=[N+]21', 'O=[N+]([O-])c1cccc(C2=[N+]3C(=C(c4ccccc4)c4ccc(Cl)n4[B-]3(F)F)C(c3ccc(Cl)cc3)=C2)c1']",30,0.06752469999999999,380
c1ccc(C2=C3[CH-]c4cccc4C(c4cccc4)=C3[CH-]c3cccc32)cc1,2,1.6,0,0.0,0.5283743,0.29580685,0.5283743,"['F[B-]1(F)C2=C(c3ccc[nH]3)c3cccn3[B-](F)(F)C2=C(c2ccccc2)c2cccn21', 'Cc1ccc(C2=C3C(=C(c4cccn4C)c4cccn4[B-]3(F)F)[B-](F)(F)n3cccc32)cc1']",27,-0.23256744999999995,380
C1=[C+]2[CH-]c3cccc3C(c3ccccc3)=C2c2ccccc21,2,1.6,0,0.0,0.5283743,0.30680485,0.5283743,"['F[B-]1(F)n2cc(Cl)cc2C(c2ccccc2Cl)=C2c3ccccc3C(Br)=[N+]21', 'F[B-]1(F)n2c(Br)ccc2C(c2ccccn2)=C2c3ccccc3C=[N+]21']",22,-0.22156944999999995,380
c1ccc(C2=[C+]3[CH-]c4cccc4C(c4cccc4)=C3c3ccccc32)cc1,2,1.6,0,0.0,0.5283743,0.5623979,0.5271111,"['F[B-]1(F)n2c(Cl)ccc2C(c2cccs2)=C2c3ccccc3C(c3ccc(Br)cc3)=[N+]21', 'O=[N+]([O-])c1ccn2c1C(c1ccc(Br)s1)=C1c3ccccc3C(c3ccccc3)=[N+]1[B-]2(F)F']",27,0.03528679999999995,380
c1ccc(C2=C3C(=C(c4ccccc4)c4ccccc43)[CH-]c3cccc32)cc1,2,1.6,0,0.0,0.5283743,0.55335985,0.5271111,"['Cc1ccc(C2=C3C(=C(c4ccccc4)c4ccccc43)[B-](F)(F)n3c(Br)c(Br)c(Br)c32)cc1', 'COc1ccc(C2=C3C(=C(c4ccc(O)cc4)c4c(Br)cc(Cl)cc43)[B-](F)(F)n3cc(Br)cc32)cc1']",28,0.026248749999999932,380
C1=C(c2ccccc2)C(c2ccccc2)=[C+]2[CH-]c3cccc3C(c3ccccc3)=C12,2,1.6,0,0.0,0.5283743,0.3023319,0.5283743,"['Cc1ccc(C2=[N+]3C(=C(c4ccc(Br)cc4)c4c(Cl)cc(Cl)n4[B-]3(F)F)C=C2c2ccc(Cl)cc2)cc1', 'F[B-]1(F)n2cccc2C(c2ccncc2)=C2C=C(c3ccccc3)C(c3ccccc3)=[N+]21']",30,-0.22604239999999998,380
C1=C2[CH-]c3cccc3C(c3ccccc3)=C2c2ccccc21,4,3.2520325203252036,0,0.0,0.5146541,0.5502157999999999,0.508998,"['COc1ccc(C2=C3C(=C(Cl)c4ccc(Cl)cc43)[B-](F)(F)n3c(Br)ccc32)cc1', 'F[B-]1(F)C2=C(Cl)c3cc(Cl)ccc3C2=C(c2ccc(Br)cc2)c2cc(Cl)cn21', 'F[B-]1(F)C2=C(Cl)c3ccccc3C2=C(c2ccncc2)c2c(Br)c(Br)c(Cl)n21', 'F[B-]1(F)C2=C(Cl)c3cccnc3C2=C(c2ccc(Cl)cc2)c2c(Cl)cc(Cl)n21']",22,0.04121779999999997,390
c1ccc(C2=C3c4ccccc4C(c4ccccc4)=[C+]3[CH-]c3cccc32)cc1,3,2.4390243902439024,0,0.0,0.5146541,0.0,0.5180419,"['COc1ccc(C2=[N+]3C(=C(c4ccc(F)cc4)c4cccn4[B-]3(F)F)c3ccccc32)cc1', 'F[B-]1(F)n2cc(Cl)cc2C(c2cccnc2)=C2c3ccccc3C(c3cccnc3)=[N+]21', 'F[B-]1(F)n2c(Cl)c(Cl)c(Cl)c2C(c2ccccc2)=C2c3ccccc3C(c3ccc(Cl)cc3)=[N+]21']",28,-0.5180419,390
C1=CC(c2ccccc2)=[C+]2[CH-]c3cccc3C(c3ccccc3)=C12,3,2.4390243902439024,0,0.0,0.5146541,0.0,0.5180419,"['F[B-]1(F)n2c(Cl)ccc2C(c2ccc(Cl)cc2)=C2C(Cl)=C(Cl)C(c3ccccc3)=[N+]21', 'Fc1ccc(F)c(C2=C3C(Br)=C(Br)C(c4cccnc4)=[N+]3[B-](F)(F)n3c2cc(Cl)c3Cl)c1', 'Cc1ccc(C2=C3C(Cl)=C(Cl)C(c4ccccc4)=[N+]3[B-](F)(F)n3cc(C)c(C)c32)cc1']",24,-0.5180419,390
C1=C(c2ccccc2)C(c2ccccc2)=[C+]2[CH-]c3cccc3C(c3ccccc3)=C12,2,1.6260162601626018,0,0.0,0.5146541,0.0,0.5214297,"['CC1=C(c2ccc(Cl)cc2)C(c2ccc(F)cc2)=[N+]2C1=C(c1ccc(Br)cc1)c1c(Cl)c(Cl)cn1[B-]2(F)F', 'F[B-]1(F)n2cccc2C(c2cccc(Br)c2)=C2C=C(c3ccccc3)C(c3ccc(Cl)cc3)=[N+]21']",30,-0.5214297,390
c1ccc(C2=C3[CH-]c4cccc4C(c4ccccc4)=C3[CH-]c3cccc32)cc1,2,1.6260162601626018,0,0.0,0.5146541,0.59418025,0.5108426,"['Cc1cc(C)n2c1C(c1ccccc1)=C1C(=C(c3cccnc3)c3cccn3[B-]1(F)F)[B-]2(F)F', 'COc1ccc(C2=C3C(=C(c4ccccc4)c4cccn4[B-]3(F)F)[B-](F)(F)n3cccc32)cc1']",28,0.08333764999999993,390
C1=C(c2ccccc2)C=[C+]2[CH-]c3cccc3C(c3ccccc3)=C12,2,1.6260162601626018,0,0.0,0.5146541,0.29989405,0.5146541,"['F[B-]1(F)n2c(Br)ccc2C(c2cccnc2)=C2C=C(c3ccccc3)C(Cl)=[N+]21', 'Cc1cn2c(c1Br)C(c1ccccc1)=C1C=C(c3ccccc3)C=[N+]1[B-]2(F)F']",24,-0.21476004999999998,390
C1=CC2=C(c3ccccc3)c3cccc3[CH-][C+]2=C1,2,1.6260162601626018,0,0.0,0.5146541,0.29419915,0.5146541,"['F[B-]1(F)n2c(Cl)ccc2C(c2ccccc2)=C2C=CC(Cl)=[N+]21', 'F[B-]1(F)n2cc(Br)cc2C(c2ccccn2)=C2C(Cl)=C(Cl)C(Cl)=[N+]21']",18,-0.22045494999999998,390
C1=[C+]2[CH-]c3cccc3C(c3cccc3)=C2c2ccccc21,2,1.6260162601626018,0,0.0,0.5146541,0.28763575,0.5146541,"['F[B-]1(F)n2c(Br)ccc2C(c2ccc(Br)o2)=C2c3ccccc3C(Br)=[N+]21', 'F[B-]1(F)n2c(Cl)c(Cl)c(Cl)c2C(c2ccc[nH]2)=C2c3ccccc3C(Br)=[N+]21']",21,-0.22701834999999998,390
c1ccc(C2=C3C(=C(c4ccccc4)c4ccccc43)[CH-]c3cccc32)cc1,2,1.6260162601626018,0,0.0,0.5146541,0.5549376500000001,0.5108426,"['F[B-]1(F)C2=C(c3ccc(Br)cc3)c3ccc(Cl)cc3C2=C(c2ccccn2)c2ccc(Br)n21', 'F[B-]1(F)C2=C(c3cccnc3)c3cc(Cl)c(Cl)cc3C2=C(c2ccc(Cl)cc2)c2cc(Br)cn21']",28,0.044095050000000025,390
c1ccc(C2=c3c(c(-c4cccc4)c4cccc34)[CH-]c3cccc32)cc1,2,1.6260162601626018,0,0.0,0.5146541,0.53592885,0.5108426,"['Cc1ccc(C2=c3c(c(-c4ccc(Cl)o4)c4cccn34)[B-](F)(F)n3cccc32)cc1', 'F[B-]1(F)c2c(-c3ccc[nH]3)c3cccn3c2=C(c2ccccn2)c2cc(Cl)c(Cl)n21']",26,0.025086249999999977,390
C1=C(c2ccccc2)C2=C(c3ccccc3)c3cccc3[CH-][C+]2=C1c1ccccc1,3,4.225352112676056,0,0.0,0.495143,0.0,0.49613779999999996,"['COc1ccc(C2=CC(c3ccccc3)=[N+]3C2=C(c2ccc(OC)cc2)c2cccn2[B-]3(F)F)cc1', 'Fc1cccc(C2=CC(c3ccccc3)=[N+]3C2=C(c2ccccc2)c2cccn2[B-]3(F)F)c1', 'CN(C)c1ccc(C2=C3C(c4ccccc4)=CC(c4ccccc4)=[N+]3[B-](F)(F)n3cccc32)cc1Br']",30,-0.49613779999999996,400
